<?xml version="1.0" encoding="UTF-8"?>
<project-private xmlns="http://www.netbeans.org/ns/project-private/1">
    <editor-bookmarks xmlns="http://www.netbeans.org/ns/editor-bookmarks/2" lastBookmarkId="0"/>
    <open-files xmlns="http://www.netbeans.org/ns/projectui-open-files/2">
        <group>
            <file>file:/C:/Users/dell/Downloads/Student_Information/Student_Information/src/Student_view.java</file>
            <file>file:/C:/Users/dell/Downloads/Student_Information/Student_Information/src/Admin_Login.java</file>
            <file>file:/C:/Users/dell/Downloads/Student_Information/Student_Information/src/Login.java</file>
            <file>file:/C:/Users/dell/Downloads/Student_Information/Student_Information/src/Student_Registration.java</file>
            <file>file:/C:/Users/dell/Downloads/Student_Information/Student_Information/src/St_Cr_Reg.java</file>
            <file>file:/C:/Users/dell/Downloads/Student_Information/Student_Information/src/Admin_view.java</file>
            <file>file:/C:/Users/dell/Downloads/Student_Information/Student_Information/src/Student_Login.java</file>
            <file>file:/C:/Users/dell/Downloads/Student_Information/Student_Information/src/DBConnection.java</file>
        </group>
    </open-files>
</project-private>
